" Salt Lake City, UT 84107"," Salt Lake City, UT 84107",0
 1060 Dalton Ave S," Salt Lake City, UT 84107",7.2
 1060 Dalton Ave S, 1060 Dalton Ave S,0
 1330 2100 S," Salt Lake City, UT 84107",3.8
 1330 2100 S, 1060 Dalton Ave S,7.1
 1330 2100 S, 1330 2100 S,0
 1488 4800 S," Salt Lake City, UT 84107",11
 1488 4800 S, 1060 Dalton Ave S,6.4
 1488 4800 S, 1330 2100 S,9.2
 1488 4800 S, 1488 4800 S,0
 177 W Price Ave," Salt Lake City, UT 84107",2.2
 177 W Price Ave, 1060 Dalton Ave S,6
 177 W Price Ave, 1330 2100 S,4.4
 177 W Price Ave, 1488 4800 S,5.6
 177 W Price Ave, 177 W Price Ave,0
 195 W Oakland Ave," Salt Lake City, UT 84107",3.5
 195 W Oakland Ave, 1060 Dalton Ave S,4.8
 195 W Oakland Ave, 1330 2100 S,2.8
 195 W Oakland Ave, 1488 4800 S,6.9
 195 W Oakland Ave, 177 W Price Ave,1.9
 195 W Oakland Ave, 195 W Oakland Ave,0
 2010 W 500 S," Salt Lake City, UT 84107",10.9
 2010 W 500 S, 1060 Dalton Ave S,1.6
 2010 W 500 S, 1330 2100 S,8.6
 2010 W 500 S, 1488 4800 S,8.6
 2010 W 500 S, 177 W Price Ave,7.9
 2010 W 500 S, 195 W Oakland Ave,6.3
 2010 W 500 S, 2010 W 500 S,0
 2300 Parkway Blvd," Salt Lake City, UT 84107",8.6
 2300 Parkway Blvd, 1060 Dalton Ave S,2.8
 2300 Parkway Blvd, 1330 2100 S,6.3
 2300 Parkway Blvd, 1488 4800 S,4
 2300 Parkway Blvd, 177 W Price Ave,5.1
 2300 Parkway Blvd, 195 W Oakland Ave,4.3
 2300 Parkway Blvd, 2010 W 500 S,4
 2300 Parkway Blvd, 2300 Parkway Blvd,0
 233 Canyon Rd," Salt Lake City, UT 84107",7.6
 233 Canyon Rd, 1060 Dalton Ave S,4.8
 233 Canyon Rd, 1330 2100 S,5.3
 233 Canyon Rd, 1488 4800 S,11.1
 233 Canyon Rd, 177 W Price Ave,7.5
 233 Canyon Rd, 195 W Oakland Ave,4.5
 233 Canyon Rd, 2010 W 500 S,4.2
 233 Canyon Rd, 2300 Parkway Blvd,7.7
 233 Canyon Rd, 233 Canyon Rd,0
 2530 S 500 E," Salt Lake City, UT 84107",2.8
 2530 S 500 E, 1060 Dalton Ave S,6.3
 2530 S 500 E, 1330 2100 S,1.6
 2530 S 500 E, 1488 4800 S,7.3
 2530 S 500 E, 177 W Price Ave,2.6
 2530 S 500 E, 195 W Oakland Ave,1.5
 2530 S 500 E, 2010 W 500 S,8
 2530 S 500 E, 2300 Parkway Blvd,9.3
 2530 S 500 E, 233 Canyon Rd,4.8
 2530 S 500 E, 2530 S 500 E,0
 2600 Taylorsville Blvd," Salt Lake City, UT 84107",6.4
 2600 Taylorsville Blvd, 1060 Dalton Ave S,7.3
 2600 Taylorsville Blvd, 1330 2100 S,10.4
 2600 Taylorsville Blvd, 1488 4800 S,1
 2600 Taylorsville Blvd, 177 W Price Ave,6.5
 2600 Taylorsville Blvd, 195 W Oakland Ave,8.7
 2600 Taylorsville Blvd, 2010 W 500 S,8.6
 2600 Taylorsville Blvd, 2300 Parkway Blvd,4.6
 2600 Taylorsville Blvd, 233 Canyon Rd,11.9
 2600 Taylorsville Blvd, 2530 S 500 E,9.4
 2600 Taylorsville Blvd, 2600 Taylorsville Blvd,0
 2835 Main St," Salt Lake City, UT 84107",3.2
 2835 Main St, 1060 Dalton Ave S,5.3
 2835 Main St, 1330 2100 S,3
 2835 Main St, 1488 4800 S,6.4
 2835 Main St, 177 W Price Ave,1.5
 2835 Main St, 195 W Oakland Ave,0.8
 2835 Main St, 2010 W 500 S,6.9
 2835 Main St, 2300 Parkway Blvd,4.8
 2835 Main St, 233 Canyon Rd,4.7
 2835 Main St, 2530 S 500 E,1.1
 2835 Main St, 2600 Taylorsville Blvd,7.3
 2835 Main St, 2835 Main St,0
 300 State St," Salt Lake City, UT 84107",7.6
 300 State St, 1060 Dalton Ave S,4.8
 300 State St, 1330 2100 S,5.3
 300 State St, 1488 4800 S,11.1
 300 State St, 177 W Price Ave,7.5
 300 State St, 195 W Oakland Ave,4.5
 300 State St, 2010 W 500 S,4.2
 300 State St, 2300 Parkway Blvd,7.7
 300 State St, 233 Canyon Rd,0.6
 300 State St, 2530 S 500 E,5.1
 300 State St, 2600 Taylorsville Blvd,12
 300 State St, 2835 Main St,4.7
 300 State St, 300 State St,0
 3060 Lester St," Salt Lake City, UT 84107",5.2
 3060 Lester St, 1060 Dalton Ave S,3
 3060 Lester St, 1330 2100 S,6.5
 3060 Lester St, 1488 4800 S,3.9
 3060 Lester St, 177 W Price Ave,3.2
 3060 Lester St, 195 W Oakland Ave,3.9
 3060 Lester St, 2010 W 500 S,4.2
 3060 Lester St, 2300 Parkway Blvd,1.6
 3060 Lester St, 233 Canyon Rd,7.6
 3060 Lester St, 2530 S 500 E,4.6
 3060 Lester St, 2600 Taylorsville Blvd,4.9
 3060 Lester St, 2835 Main St,3.5
 3060 Lester St, 300 State St,7.3
 3060 Lester St, 3060 Lester St,0
 3148 S 1100 W," Salt Lake City, UT 84107",4.4
 3148 S 1100 W, 1060 Dalton Ave S,4.6
 3148 S 1100 W, 1330 2100 S,5.6
 3148 S 1100 W, 1488 4800 S,4.3
 3148 S 1100 W, 177 W Price Ave,2.4
 3148 S 1100 W, 195 W Oakland Ave,3
 3148 S 1100 W, 2010 W 500 S,8
 3148 S 1100 W, 2300 Parkway Blvd,3.3
 3148 S 1100 W, 233 Canyon Rd,7.8
 3148 S 1100 W, 2530 S 500 E,3.7
 3148 S 1100 W, 2600 Taylorsville Blvd,5.2
 3148 S 1100 W, 2835 Main St,2.6
 3148 S 1100 W, 300 State St,7.8
 3148 S 1100 W, 3060 Lester St,1.3
 3148 S 1100 W, 3148 S 1100 W,0
 3365 S 900 W," Salt Lake City, UT 84107",3.661128164
 3365 S 900 W, 1060 Dalton Ave S,4.5
 3365 S 900 W, 1330 2100 S,5.8
 3365 S 900 W, 1488 4800 S,4.4
 3365 S 900 W, 177 W Price Ave,2.7
 3365 S 900 W, 195 W Oakland Ave,3.8
 3365 S 900 W, 2010 W 500 S,5.8
 3365 S 900 W, 2300 Parkway Blvd,3.4
 3365 S 900 W, 233 Canyon Rd,6.6
 3365 S 900 W, 2530 S 500 E,4
 3365 S 900 W, 2600 Taylorsville Blvd,5.4
 3365 S 900 W, 2835 Main St,2.9
 3365 S 900 W, 300 State St,6.6
 3365 S 900 W, 3060 Lester St,1.5
 3365 S 900 W, 3148 S 1100 W,0.6
 3365 S 900 W, 3365 S 900 W,0
 3575 W Valley Central Station bus Loop," Salt Lake City, UT 84107",7.6
 3575 W Valley Central Station bus Loop, 1060 Dalton Ave S,7.4
 3575 W Valley Central Station bus Loop, 1330 2100 S,5.7
 3575 W Valley Central Station bus Loop, 1488 4800 S,7.2
 3575 W Valley Central Station bus Loop, 177 W Price Ave,1.4
 3575 W Valley Central Station bus Loop, 195 W Oakland Ave,5.7
 3575 W Valley Central Station bus Loop, 2010 W 500 S,7.2
 3575 W Valley Central Station bus Loop, 2300 Parkway Blvd,3.1
 3575 W Valley Central Station bus Loop, 233 Canyon Rd,7.2
 3575 W Valley Central Station bus Loop, 2530 S 500 E,6.7
 3575 W Valley Central Station bus Loop, 2600 Taylorsville Blvd,8.1
 3575 W Valley Central Station bus Loop, 2835 Main St,6.3
 3575 W Valley Central Station bus Loop, 300 State St,7.2
 3575 W Valley Central Station bus Loop, 3060 Lester St,4
 3575 W Valley Central Station bus Loop, 3148 S 1100 W,6.4
 3575 W Valley Central Station bus Loop, 3365 S 900 W,5.6
 3575 W Valley Central Station bus Loop, 3575 W Valley Central Station bus Loop,0
 3595 Main St," Salt Lake City, UT 84107",2
 3595 Main St, 1060 Dalton Ave S,6
 3595 Main St, 1330 2100 S,4.1
 3595 Main St, 1488 4800 S,5.3
 3595 Main St, 177 W Price Ave,0.5
 3595 Main St, 195 W Oakland Ave,1.9
 3595 Main St, 2010 W 500 S,7.7
 3595 Main St, 2300 Parkway Blvd,5.1
 3595 Main St, 233 Canyon Rd,5.9
 3595 Main St, 2530 S 500 E,2.3
 3595 Main St, 2600 Taylorsville Blvd,6.2
 3595 Main St, 2835 Main St,1.2
 3595 Main St, 300 State St,5.9
 3595 Main St, 3060 Lester St,3.2
 3595 Main St, 3148 S 1100 W,2.4
 3595 Main St, 3365 S 900 W,1.6
 3595 Main St, 3575 W Valley Central Station bus Loop,7.1
 3595 Main St, 3595 Main St,0
 380 W 2880 S," Salt Lake City, UT 84107",3.6
 380 W 2880 S, 1060 Dalton Ave S,5
 380 W 2880 S, 1330 2100 S,3.6
 380 W 2880 S, 1488 4800 S,6
 380 W 2880 S, 177 W Price Ave,1.7
 380 W 2880 S, 195 W Oakland Ave,1.1
 380 W 2880 S, 2010 W 500 S,6.6
 380 W 2880 S, 2300 Parkway Blvd,4.6
 380 W 2880 S, 233 Canyon Rd,5.4
 380 W 2880 S, 2530 S 500 E,1.8
 380 W 2880 S, 2600 Taylorsville Blvd,6.9
 380 W 2880 S, 2835 Main St,1
 380 W 2880 S, 300 State St,5.4
 380 W 2880 S, 3060 Lester St,3
 380 W 2880 S, 3148 S 1100 W,2.2
 380 W 2880 S, 3365 S 900 W,1.7
 380 W 2880 S, 3575 W Valley Central Station bus Loop,6.1
 380 W 2880 S, 3595 Main St,1.6
 380 W 2880 S, 380 W 2880 S,0
 410 S State St," Salt Lake City, UT 84107",6.5
 410 S State St, 1060 Dalton Ave S,4.8
 410 S State St, 1330 2100 S,4.3
 410 S State St, 1488 4800 S,10.6
 410 S State St, 177 W Price Ave,6.5
 410 S State St, 195 W Oakland Ave,3.5
 410 S State St, 2010 W 500 S,3.2
 410 S State St, 2300 Parkway Blvd,6.7
 410 S State St, 233 Canyon Rd,1
 410 S State St, 2530 S 500 E,4.1
 410 S State St, 2600 Taylorsville Blvd,11.5
 410 S State St, 2835 Main St,3.7
 410 S State St, 300 State St,1
 410 S State St, 3060 Lester St,6.9
 410 S State St, 3148 S 1100 W,6.8
 410 S State St, 3365 S 900 W,6.4
 410 S State St, 3575 W Valley Central Station bus Loop,7.2
 410 S State St, 3595 Main St,4.9
 410 S State St, 380 W 2880 S,4.4
 410 S State St, 410 S State St,0
 4300 S 1300 E," Salt Lake City, UT 84107",1.9
 4300 S 1300 E, 1060 Dalton Ave S,9.5
 4300 S 1300 E, 1330 2100 S,3.3
 4300 S 1300 E, 1488 4800 S,5.9
 4300 S 1300 E, 177 W Price Ave,3.2
 4300 S 1300 E, 195 W Oakland Ave,4.9
 4300 S 1300 E, 2010 W 500 S,11.2
 4300 S 1300 E, 2300 Parkway Blvd,8.1
 4300 S 1300 E, 233 Canyon Rd,8.5
 4300 S 1300 E, 2530 S 500 E,3.8
 4300 S 1300 E, 2600 Taylorsville Blvd,6.9
 4300 S 1300 E, 2835 Main St,4.1
 4300 S 1300 E, 300 State St,8.5
 4300 S 1300 E, 3060 Lester St,6.2
 4300 S 1300 E, 3148 S 1100 W,5.3
 4300 S 1300 E, 3365 S 900 W,4.9
 4300 S 1300 E, 3575 W Valley Central Station bus Loop,10.6
 4300 S 1300 E, 3595 Main St,3
 4300 S 1300 E, 380 W 2880 S,4.6
 4300 S 1300 E, 410 S State St,7.5
 4300 S 1300 E, 4300 S 1300 E,0
 4580 S 2300 E," Salt Lake City, UT 84107",3.4
 4580 S 2300 E, 1060 Dalton Ave S,10.9
 4580 S 2300 E, 1330 2100 S,5
 4580 S 2300 E, 1488 4800 S,7.4
 4580 S 2300 E, 177 W Price Ave,5.2
 4580 S 2300 E, 195 W Oakland Ave,6.9
 4580 S 2300 E, 2010 W 500 S,12.7
 4580 S 2300 E, 2300 Parkway Blvd,10.4
 4580 S 2300 E, 233 Canyon Rd,10.3
 4580 S 2300 E, 2530 S 500 E,5.8
 4580 S 2300 E, 2600 Taylorsville Blvd,8.3
 4580 S 2300 E, 2835 Main St,6.2
 4580 S 2300 E, 300 State St,10.3
 4580 S 2300 E, 3060 Lester St,8.2
 4580 S 2300 E, 3148 S 1100 W,7.4
 4580 S 2300 E, 3365 S 900 W,6.9
 4580 S 2300 E, 3575 W Valley Central Station bus Loop,12
 4580 S 2300 E, 3595 Main St,5
 4580 S 2300 E, 380 W 2880 S,6.6
 4580 S 2300 E, 410 S State St,9.3
 4580 S 2300 E, 4300 S 1300 E,2
 4580 S 2300 E, 4580 S 2300 E,0
 5025 State St," Salt Lake City, UT 84107",2.4
 5025 State St, 1060 Dalton Ave S,8.3
 5025 State St, 1330 2100 S,6.1
 5025 State St, 1488 4800 S,4.7
 5025 State St, 177 W Price Ave,2.5
 5025 State St, 195 W Oakland Ave,4.2
 5025 State St, 2010 W 500 S,10
 5025 State St, 2300 Parkway Blvd,7.8
 5025 State St, 233 Canyon Rd,7.8
 5025 State St, 2530 S 500 E,4.3
 5025 State St, 2600 Taylorsville Blvd,4.1
 5025 State St, 2835 Main St,3.4
 5025 State St, 300 State St,7.8
 5025 State St, 3060 Lester St,5.5
 5025 State St, 3148 S 1100 W,4.6
 5025 State St, 3365 S 900 W,4.2
 5025 State St, 3575 W Valley Central Station bus Loop,9.4
 5025 State St, 3595 Main St,2.3
 5025 State St, 380 W 2880 S,3.9
 5025 State St, 410 S State St,6.8
 5025 State St, 4300 S 1300 E,2.9
 5025 State St, 4580 S 2300 E,4.4
 5025 State St, 5025 State St,0
 5100 South 2700 West," Salt Lake City, UT 84107",6.4
 5100 South 2700 West, 1060 Dalton Ave S,6.9
 5100 South 2700 West, 1330 2100 S,9.7
 5100 South 2700 West, 1488 4800 S,0.6
 5100 South 2700 West, 177 W Price Ave,6
 5100 South 2700 West, 195 W Oakland Ave,9
 5100 South 2700 West, 2010 W 500 S,8.2
 5100 South 2700 West, 2300 Parkway Blvd,4.2
 5100 South 2700 West, 233 Canyon Rd,11.5
 5100 South 2700 West, 2530 S 500 E,7.8
 5100 South 2700 West, 2600 Taylorsville Blvd,0.4
 5100 South 2700 West, 2835 Main St,6.9
 5100 South 2700 West, 300 State St,11.5
 5100 South 2700 West, 3060 Lester St,4.4
 5100 South 2700 West, 3148 S 1100 W,4.8
 5100 South 2700 West, 3365 S 900 W,5.6
 5100 South 2700 West, 3575 W Valley Central Station bus Loop,7.5
 5100 South 2700 West, 3595 Main St,5.5
 5100 South 2700 West, 380 W 2880 S,6.5
 5100 South 2700 West, 410 S State St,11.4
 5100 South 2700 West, 4300 S 1300 E,6.4
 5100 South 2700 West, 4580 S 2300 E,7.9
 5100 South 2700 West, 5025 State St,4.5
 5100 South 2700 West, 5100 South 2700 West,0
 5383 South 900 East #104," Salt Lake City, UT 84107",2.4
 5383 South 900 East #104, 1060 Dalton Ave S,10
 5383 South 900 East #104, 1330 2100 S,6.1
 5383 South 900 East #104, 1488 4800 S,6.4
 5383 South 900 East #104, 177 W Price Ave,4.2
 5383 South 900 East #104, 195 W Oakland Ave,5.9
 5383 South 900 East #104, 2010 W 500 S,11.7
 5383 South 900 East #104, 2300 Parkway Blvd,9.5
 5383 South 900 East #104, 233 Canyon Rd,9.5
 5383 South 900 East #104, 2530 S 500 E,4.8
 5383 South 900 East #104, 2600 Taylorsville Blvd,4.9
 5383 South 900 East #104, 2835 Main St,5.2
 5383 South 900 East #104, 300 State St,9.5
 5383 South 900 East #104, 3060 Lester St,7.2
 5383 South 900 East #104, 3148 S 1100 W,6.3
 5383 South 900 East #104, 3365 S 900 W,5.9
 5383 South 900 East #104, 3575 W Valley Central Station bus Loop,11.1
 5383 South 900 East #104, 3595 Main St,4
 5383 South 900 East #104, 380 W 2880 S,5.6
 5383 South 900 East #104, 410 S State St,8.5
 5383 South 900 East #104, 4300 S 1300 E,2.8
 5383 South 900 East #104, 4580 S 2300 E,3.4
 5383 South 900 East #104, 5025 State St,1.7
 5383 South 900 East #104, 5100 South 2700 West,5.4
 5383 South 900 East #104, 5383 South 900 East #104,0
 600 E 900 South," Salt Lake City, UT 84107",5
 600 E 900 South, 1060 Dalton Ave S,4.4
 600 E 900 South, 1330 2100 S,2.8
 600 E 900 South, 1488 4800 S,10.1
 600 E 900 South, 177 W Price Ave,5.4
 600 E 900 South, 195 W Oakland Ave,3.5
 600 E 900 South, 2010 W 500 S,5.1
 600 E 900 South, 2300 Parkway Blvd,6.2
 600 E 900 South, 233 Canyon Rd,2.8
 600 E 900 South, 2530 S 500 E,3.2
 600 E 900 South, 2600 Taylorsville Blvd,11
 600 E 900 South, 2835 Main St,3.7
 600 E 900 South, 300 State St,2.8
 600 E 900 South, 3060 Lester St,6.4
 600 E 900 South, 3148 S 1100 W,6.5
 600 E 900 South, 3365 S 900 W,5.7
 600 E 900 South, 3575 W Valley Central Station bus Loop,6.2
 600 E 900 South, 3595 Main St,5.1
 600 E 900 South, 380 W 2880 S,4.3
 600 E 900 South, 410 S State St,1.8
 600 E 900 South, 4300 S 1300 E,6
 600 E 900 South, 4580 S 2300 E,7.9
 600 E 900 South, 5025 State St,6.8
 600 E 900 South, 5100 South 2700 West,10.6
 600 E 900 South, 5383 South 900 East #104,7
 600 E 900 South, 600 E 900 South,0
 6351 South 900 East," Salt Lake City, UT 84107",3.6
 6351 South 900 East, 1060 Dalton Ave S,13
 6351 South 900 East, 1330 2100 S,7.4
 6351 South 900 East, 1488 4800 S,10.1
 6351 South 900 East, 177 W Price Ave,5.5
 6351 South 900 East, 195 W Oakland Ave,7.2
 6351 South 900 East, 2010 W 500 S,14.2
 6351 South 900 East, 2300 Parkway Blvd,10.7
 6351 South 900 East, 233 Canyon Rd,14.1
 6351 South 900 East, 2530 S 500 E,6
 6351 South 900 East, 2600 Taylorsville Blvd,6.8
 6351 South 900 East, 2835 Main St,6.4
 6351 South 900 East, 300 State St,14.1
 6351 South 900 East, 3060 Lester St,10.5
 6351 South 900 East, 3148 S 1100 W,8.8
 6351 South 900 East, 3365 S 900 W,8.4
 6351 South 900 East, 3575 W Valley Central Station bus Loop,13.6
 6351 South 900 East, 3595 Main St,5.2
 6351 South 900 East, 380 W 2880 S,6.9
 6351 South 900 East, 410 S State St,13.1
 6351 South 900 East, 4300 S 1300 E,4.1
 6351 South 900 East, 4580 S 2300 E,4.7
 6351 South 900 East, 5025 State St,3.1
 6351 South 900 East, 5100 South 2700 West,7.8
 6351 South 900 East, 5383 South 900 East #104,1.3
 6351 South 900 East, 600 E 900 South,8.3
 6351 South 900 East, 6351 South 900 East,0
